Year,Origin,Dest,LATITUDE,LONGITUDE
1987,ABQ,LAX,35.04019927978516,-106.60900115966797
1987,ABQ,LAX,35.04019927978516,-106.60900115966797
1987,ABQ,LAX,35.04019927978516,-106.60900115966797
1987,ABQ,LAX,35.04019927978516,-106.60900115966797
1987,ABQ,LAX,35.04019927978516,-106.60900115966797
1987,ABQ,LAX,35.04019927978516,-106.60900115966797
1987,ABQ,LAX,35.04019927978516,-106.60900115966797
1987,ABQ,LAX,35.04019927978516,-106.60900115966797
1987,ABQ,LAX,35.04019927978516,-106.60900115966797
1987,ABQ,LAX,35.04019927978516,-106.60900115966797
1987,ABQ,LAX,35.04019927978516,-106.60900115966797
1987,ABQ,LAX,35.04019927978516,-106.60900115966797
1987,ABQ,LAX,35.04019927978516,-106.60900115966797
1987,ABQ,LAX,35.04019927978516,-106.60900115966797
1987,ABQ,LAX,35.04019927978516,-106.60900115966797
1987,ABQ,LAX,35.04019927978516,-106.60900115966797
1987,ABQ,LAX,35.04019927978516,-106.60900115966797
1987,ABQ,LAX,35.04019927978516,-106.60900115966797
1987,ABQ,LAX,35.04019927978516,-106.60900115966797
1987,ABQ,LAX,35.04019927978516,-106.60900115966797
1987,ABQ,LAX,35.04019927978516,-106.60900115966797
1987,ABQ,LAX,35.04019927978516,-106.60900115966797
1987,ABQ,LAX,35.04019927978516,-106.60900115966797
1987,ABQ,LAX,35.04019927978516,-106.60900115966797
1987,ABQ,LAX,35.04019927978516,-106.60900115966797
1987,ABQ,LAX,35.04019927978516,-106.60900115966797
1987,ABQ,LAX,35.04019927978516,-106.60900115966797
1987,ABQ,LAX,35.04019927978516,-106.60900115966797
1987,ABQ,LAX,35.04019927978516,-106.60900115966797
1987,ABQ,LAX,35.04019927978516,-106.60900115966797
1987,BUR,LAS,34.20069885253906,-118.35900115966797
1987,BUR,LAS,34.20069885253906,-118.35900115966797
1987,BUR,LAS,34.20069885253906,-118.35900115966797
1987,BUR,LAS,34.20069885253906,-118.35900115966797
1987,BUR,LAS,34.20069885253906,-118.35900115966797
1987,BUR,LAS,34.20069885253906,-118.35900115966797
1987,BUR,LAS,34.20069885253906,-118.35900115966797
1987,BUR,LAS,34.20069885253906,-118.35900115966797
1987,BUR,LAS,34.20069885253906,-118.35900115966797
1987,BUR,LAS,34.20069885253906,-118.35900115966797
1987,BUR,LAS,34.20069885253906,-118.35900115966797
1987,BUR,LAS,34.20069885253906,-118.35900115966797
1987,BUR,LAS,34.20069885253906,-118.35900115966797
1987,BUR,LAS,34.20069885253906,-118.35900115966797
1987,BUR,LAS,34.20069885253906,-118.35900115966797
1987,BUR,LAS,34.20069885253906,-118.35900115966797
1987,BUR,LAS,34.20069885253906,-118.35900115966797
1987,BUR,LAS,34.20069885253906,-118.35900115966797
1987,BUR,LAS,34.20069885253906,-118.35900115966797
1987,BUR,LAS,34.20069885253906,-118.35900115966797
1987,BUR,LAS,34.20069885253906,-118.35900115966797
1987,BUR,LAS,34.20069885253906,-118.35900115966797
1987,BUR,LAS,34.20069885253906,-118.35900115966797
1987,BUR,LAS,34.20069885253906,-118.35900115966797
1987,BUR,LAS,34.20069885253906,-118.35900115966797
1987,BUR,LAS,34.20069885253906,-118.35900115966797
1987,BUR,LAS,34.20069885253906,-118.35900115966797
1987,BUR,LAS,34.20069885253906,-118.35900115966797
1987,BUR,LAS,34.20069885253906,-118.35900115966797
1987,BUR,LAS,34.20069885253906,-118.35900115966797
1987,BUR,LAS,34.20069885253906,-118.35900115966797
1987,BUR,LAS,34.20069885253906,-118.35900115966797
1987,BUR,LAS,34.20069885253906,-118.35900115966797
1987,BUR,LAS,34.20069885253906,-118.35900115966797
1987,BUR,LAS,34.20069885253906,-118.35900115966797
1987,BUR,LAS,34.20069885253906,-118.35900115966797
1987,BUR,LAS,34.20069885253906,-118.35900115966797
1987,BUR,LAS,34.20069885253906,-118.35900115966797
1987,BUR,LAS,34.20069885253906,-118.35900115966797
1987,BUR,LAS,34.20069885253906,-118.35900115966797
1987,BUR,LAS,34.20069885253906,-118.35900115966797
1987,BUR,LAS,34.20069885253906,-118.35900115966797
1987,BUR,LAS,34.20069885253906,-118.35900115966797
1987,BUR,LAS,34.20069885253906,-118.35900115966797
1987,BUR,LAS,34.20069885253906,-118.35900115966797
1987,BUR,LAS,34.20069885253906,-118.35900115966797
1987,BUR,LAS,34.20069885253906,-118.35900115966797
1987,BUR,LAS,34.20069885253906,-118.35900115966797
1987,BUR,LAS,34.20069885253906,-118.35900115966797
1987,BUR,LAS,34.20069885253906,-118.35900115966797
1987,BUR,LAS,34.20069885253906,-118.35900115966797
1987,BUR,LAS,34.20069885253906,-118.35900115966797
1987,BUR,LAS,34.20069885253906,-118.35900115966797
1987,BUR,LAS,34.20069885253906,-118.35900115966797
1987,BUR,LAS,34.20069885253906,-118.35900115966797
1987,BUR,LAS,34.20069885253906,-118.35900115966797
1987,BUR,LAS,34.20069885253906,-118.35900115966797
1987,BUR,LAS,34.20069885253906,-118.35900115966797
1987,BUR,LAS,34.20069885253906,-118.35900115966797
1987,BUR,LAS,34.20069885253906,-118.35900115966797
1987,BUR,LAS,34.20069885253906,-118.35900115966797
1987,BUR,LAS,34.20069885253906,-118.35900115966797
1987,BUR,LAS,34.20069885253906,-118.35900115966797
1987,BUR,LAS,34.20069885253906,-118.35900115966797
1987,BUR,LAS,34.20069885253906,-118.35900115966797
1987,BUR,OAK,34.20069885253906,-118.35900115966797
1987,BUR,OAK,34.20069885253906,-118.35900115966797
1987,BUR,OAK,34.20069885253906,-118.35900115966797
1987,BUR,OAK,34.20069885253906,-118.35900115966797
1987,BUR,OAK,34.20069885253906,-118.35900115966797
1987,BUR,OAK,34.20069885253906,-118.35900115966797
1987,BUR,OAK,34.20069885253906,-118.35900115966797
1987,BUR,OAK,34.20069885253906,-118.35900115966797
1987,BUR,OAK,34.20069885253906,-118.35900115966797
1987,BUR,OAK,34.20069885253906,-118.35900115966797
1987,BUR,OAK,34.20069885253906,-118.35900115966797
1987,BUR,OAK,34.20069885253906,-118.35900115966797
1987,BUR,OAK,34.20069885253906,-118.35900115966797
1987,BUR,OAK,34.20069885253906,-118.35900115966797
1987,BUR,OAK,34.20069885253906,-118.35900115966797
1987,BUR,OAK,34.20069885253906,-118.35900115966797
1987,BUR,OAK,34.20069885253906,-118.35900115966797
1987,BUR,OAK,34.20069885253906,-118.35900115966797
1987,BUR,OAK,34.20069885253906,-118.35900115966797
1987,BUR,OAK,34.20069885253906,-118.35900115966797
1987,BUR,OAK,34.20069885253906,-118.35900115966797
1987,BUR,OAK,34.20069885253906,-118.35900115966797
1987,BUR,OAK,34.20069885253906,-118.35900115966797
1987,BUR,OAK,34.20069885253906,-118.35900115966797
1987,BUR,OAK,34.20069885253906,-118.35900115966797
1987,BUR,OAK,34.20069885253906,-118.35900115966797
1987,BUR,OAK,34.20069885253906,-118.35900115966797
1987,BUR,OAK,34.20069885253906,-118.35900115966797
1987,BUR,OAK,34.20069885253906,-118.35900115966797
1987,BUR,OAK,34.20069885253906,-118.35900115966797
1987,BUR,OAK,34.20069885253906,-118.35900115966797
1987,BUR,OAK,34.20069885253906,-118.35900115966797
1987,BUR,OAK,34.20069885253906,-118.35900115966797
1987,BUR,OAK,34.20069885253906,-118.35900115966797
1987,BUR,OAK,34.20069885253906,-118.35900115966797
1987,BUR,OAK,34.20069885253906,-118.35900115966797
1987,BUR,OAK,34.20069885253906,-118.35900115966797
1987,BUR,OAK,34.20069885253906,-118.35900115966797
1987,BUR,OAK,34.20069885253906,-118.35900115966797
1987,BUR,OAK,34.20069885253906,-118.35900115966797
1987,BUR,OAK,34.20069885253906,-118.35900115966797
1987,BUR,OAK,34.20069885253906,-118.35900115966797
1987,BUR,OAK,34.20069885253906,-118.35900115966797
1987,BUR,OAK,34.20069885253906,-118.35900115966797
1987,BUR,OAK,34.20069885253906,-118.35900115966797
1987,BUR,OAK,34.20069885253906,-118.35900115966797
1987,BUR,OAK,34.20069885253906,-118.35900115966797
1987,BUR,OAK,34.20069885253906,-118.35900115966797
1987,BUR,OAK,34.20069885253906,-118.35900115966797
1987,BUR,OAK,34.20069885253906,-118.35900115966797
1987,BUR,OAK,34.20069885253906,-118.35900115966797
1987,BUR,OAK,34.20069885253906,-118.35900115966797
1987,BUR,OAK,34.20069885253906,-118.35900115966797
1987,BUR,OAK,34.20069885253906,-118.35900115966797
1987,BUR,OAK,34.20069885253906,-118.35900115966797
1987,BUR,OAK,34.20069885253906,-118.35900115966797
1987,BUR,OAK,34.20069885253906,-118.35900115966797
1987,BUR,OAK,34.20069885253906,-118.35900115966797
1987,BUR,OAK,34.20069885253906,-118.35900115966797
1987,BUR,OAK,34.20069885253906,-118.35900115966797
1987,BUR,OAK,34.20069885253906,-118.35900115966797
1987,BUR,OAK,34.20069885253906,-118.35900115966797
1987,BUR,OAK,34.20069885253906,-118.35900115966797
1987,BUR,OAK,34.20069885253906,-118.35900115966797
1987,BUR,OAK,34.20069885253906,-118.35900115966797
1987,BUR,OAK,34.20069885253906,-118.35900115966797
1987,BUR,OAK,34.20069885253906,-118.35900115966797
1987,BUR,OAK,34.20069885253906,-118.35900115966797
1987,BUR,OAK,34.20069885253906,-118.35900115966797
1987,BUR,OAK,34.20069885253906,-118.35900115966797
1987,BUR,OAK,34.20069885253906,-118.35900115966797
1987,BUR,OAK,34.20069885253906,-118.35900115966797
1987,BUR,OAK,34.20069885253906,-118.35900115966797
1987,BUR,OAK,34.20069885253906,-118.35900115966797
1987,BUR,OAK,34.20069885253906,-118.35900115966797
1987,BUR,OAK,34.20069885253906,-118.35900115966797
1987,BUR,OAK,34.20069885253906,-118.35900115966797
1987,BUR,OAK,34.20069885253906,-118.35900115966797
1987,BUR,OAK,34.20069885253906,-118.35900115966797
1987,BUR,OAK,34.20069885253906,-118.35900115966797
1987,BUR,OAK,34.20069885253906,-118.35900115966797
1987,BUR,SFO,34.20069885253906,-118.35900115966797
1987,BUR,SFO,34.20069885253906,-118.35900115966797
1987,BUR,SFO,34.20069885253906,-118.35900115966797
1987,BUR,SFO,34.20069885253906,-118.35900115966797
1987,BUR,SFO,34.20069885253906,-118.35900115966797
1987,BUR,SFO,34.20069885253906,-118.35900115966797
1987,BUR,SFO,34.20069885253906,-118.35900115966797
1987,BUR,SFO,34.20069885253906,-118.35900115966797
1987,BUR,SFO,34.20069885253906,-118.35900115966797
1987,BUR,SFO,34.20069885253906,-118.35900115966797
1987,BUR,SFO,34.20069885253906,-118.35900115966797
1987,BUR,SFO,34.20069885253906,-118.35900115966797
1987,BUR,SFO,34.20069885253906,-118.35900115966797
1987,BUR,SFO,34.20069885253906,-118.35900115966797
1987,BUR,SFO,34.20069885253906,-118.35900115966797
1987,BUR,SFO,34.20069885253906,-118.35900115966797
1987,BUR,SFO,34.20069885253906,-118.35900115966797
1987,BUR,SFO,34.20069885253906,-118.35900115966797
1987,BUR,SFO,34.20069885253906,-118.35900115966797
1987,BUR,SFO,34.20069885253906,-118.35900115966797
1987,BUR,SFO,34.20069885253906,-118.35900115966797
1987,BUR,SFO,34.20069885253906,-118.35900115966797
1987,BUR,SFO,34.20069885253906,-118.35900115966797
1987,BUR,SFO,34.20069885253906,-118.35900115966797
1987,BUR,SFO,34.20069885253906,-118.35900115966797
1987,BUR,SFO,34.20069885253906,-118.35900115966797
1987,BUR,SFO,34.20069885253906,-118.35900115966797
1987,BUR,SFO,34.20069885253906,-118.35900115966797
1987,BUR,SFO,34.20069885253906,-118.35900115966797
1987,BUR,SFO,34.20069885253906,-118.35900115966797
1987,BUR,SFO,34.20069885253906,-118.35900115966797
1987,BUR,SFO,34.20069885253906,-118.35900115966797
1987,BUR,SFO,34.20069885253906,-118.35900115966797
1987,BUR,SFO,34.20069885253906,-118.35900115966797
1987,BUR,SFO,34.20069885253906,-118.35900115966797
1987,BUR,SFO,34.20069885253906,-118.35900115966797
1987,BUR,SFO,34.20069885253906,-118.35900115966797
1987,BUR,SFO,34.20069885253906,-118.35900115966797
1987,BUR,SFO,34.20069885253906,-118.35900115966797
1987,BUR,SFO,34.20069885253906,-118.35900115966797
1987,BUR,SFO,34.20069885253906,-118.35900115966797
1987,BUR,SFO,34.20069885253906,-118.35900115966797
1987,BUR,SFO,34.20069885253906,-118.35900115966797
1987,BUR,SFO,34.20069885253906,-118.35900115966797
1987,BUR,SFO,34.20069885253906,-118.35900115966797
1987,BUR,SFO,34.20069885253906,-118.35900115966797
1987,BUR,SFO,34.20069885253906,-118.35900115966797
1987,BUR,SFO,34.20069885253906,-118.35900115966797
1987,BUR,SJC,34.20069885253906,-118.35900115966797
1987,BUR,SJC,34.20069885253906,-118.35900115966797
1987,BUR,SJC,34.20069885253906,-118.35900115966797
1987,BUR,SJC,34.20069885253906,-118.35900115966797
1987,BUR,SJC,34.20069885253906,-118.35900115966797
1987,BUR,SJC,34.20069885253906,-118.35900115966797
1987,BUR,SJC,34.20069885253906,-118.35900115966797
1987,BUR,SJC,34.20069885253906,-118.35900115966797
1987,BUR,SJC,34.20069885253906,-118.35900115966797
1987,BUR,SJC,34.20069885253906,-118.35900115966797
1987,BUR,SJC,34.20069885253906,-118.35900115966797
1987,BUR,SJC,34.20069885253906,-118.35900115966797
1987,BUR,SJC,34.20069885253906,-118.35900115966797
1987,BUR,SJC,34.20069885253906,-118.35900115966797
1987,BUR,SJC,34.20069885253906,-118.35900115966797
1987,BUR,SJC,34.20069885253906,-118.35900115966797
1987,BUR,SJC,34.20069885253906,-118.35900115966797
1987,BUR,SJC,34.20069885253906,-118.35900115966797
1987,BUR,SJC,34.20069885253906,-118.35900115966797
1987,BUR,SJC,34.20069885253906,-118.35900115966797
1987,BUR,SJC,34.20069885253906,-118.35900115966797
1987,BUR,SJC,34.20069885253906,-118.35900115966797
1987,BUR,SMF,34.20069885253906,-118.35900115966797
1987,BUR,SMF,34.20069885253906,-118.35900115966797
1987,BUR,SMF,34.20069885253906,-118.35900115966797
1987,BUR,SMF,34.20069885253906,-118.35900115966797
1987,BUR,SMF,34.20069885253906,-118.35900115966797
1987,BUR,SMF,34.20069885253906,-118.35900115966797
1987,BUR,SMF,34.20069885253906,-118.35900115966797
1987,BUR,SMF,34.20069885253906,-118.35900115966797
1987,BUR,SMF,34.20069885253906,-118.35900115966797
1987,BUR,SMF,34.20069885253906,-118.35900115966797
1987,BUR,SMF,34.20069885253906,-118.35900115966797
1987,BUR,SMF,34.20069885253906,-118.35900115966797
1987,BUR,SMF,34.20069885253906,-118.35900115966797
1987,BUR,SMF,34.20069885253906,-118.35900115966797
1987,BUR,SMF,34.20069885253906,-118.35900115966797
1987,BUR,SMF,34.20069885253906,-118.35900115966797
1987,BUR,SMF,34.20069885253906,-118.35900115966797
1987,BUR,SMF,34.20069885253906,-118.35900115966797
1987,BUR,SMF,34.20069885253906,-118.35900115966797
1987,BUR,SMF,34.20069885253906,-118.35900115966797
1987,BUR,SMF,34.20069885253906,-118.35900115966797
1987,BUR,SMF,34.20069885253906,-118.35900115966797
1987,BUR,SMF,34.20069885253906,-118.35900115966797
1987,LAS,LAX,36.08010101000000,-115.15200040000000
1987,LAS,LAX,36.08010101000000,-115.15200040000000
1987,LAS,LAX,36.08010101000000,-115.15200040000000
1987,LAS,LAX,36.08010101000000,-115.15200040000000
1987,LAS,LAX,36.08010101000000,-115.15200040000000
1987,LAS,LAX,36.08010101000000,-115.15200040000000
1987,LAS,LAX,36.08010101000000,-115.15200040000000
1987,LAS,LAX,36.08010101000000,-115.15200040000000
1987,LAS,LAX,36.08010101000000,-115.15200040000000
1987,LAS,LAX,36.08010101000000,-115.15200040000000
1987,LAS,LAX,36.08010101000000,-115.15200040000000
1987,LAS,LAX,36.08010101000000,-115.15200040000000
1987,LAS,LAX,36.08010101000000,-115.15200040000000
1987,LAS,LAX,36.08010101000000,-115.15200040000000
1987,LAS,LAX,36.08010101000000,-115.15200040000000
1987,LAS,LAX,36.08010101000000,-115.15200040000000
1987,LAS,LAX,36.08010101000000,-115.15200040000000
1987,LAS,LAX,36.08010101000000,-115.15200040000000
1987,LAS,LAX,36.08010101000000,-115.15200040000000
1987,LAS,LAX,36.08010101000000,-115.15200040000000
1987,LAS,LAX,36.08010101000000,-115.15200040000000
1987,LAS,LAX,36.08010101000000,-115.15200040000000
1987,LAS,LAX,36.08010101000000,-115.15200040000000
1987,LAS,LAX,36.08010101000000,-115.15200040000000
1987,LAS,LAX,36.08010101000000,-115.15200040000000
1987,LAS,LAX,36.08010101000000,-115.15200040000000
1987,LAS,LAX,36.08010101000000,-115.15200040000000
1987,LAS,LAX,36.08010101000000,-115.15200040000000
1987,LAS,LAX,36.08010101000000,-115.15200040000000
1987,LAS,LAX,36.08010101000000,-115.15200040000000
1987,LAS,LAX,36.08010101000000,-115.15200040000000
1987,LAS,LAX,36.08010101000000,-115.15200040000000
1987,LAS,LAX,36.08010101000000,-115.15200040000000
1987,LAS,LAX,36.08010101000000,-115.15200040000000
1987,LAS,LAX,36.08010101000000,-115.15200040000000
1987,LAS,LAX,36.08010101000000,-115.15200040000000
1987,LAS,LAX,36.08010101000000,-115.15200040000000
1987,LAS,LAX,36.08010101000000,-115.15200040000000
1987,LAS,LAX,36.08010101000000,-115.15200040000000
1987,LAS,LAX,36.08010101000000,-115.15200040000000
1987,LAS,LAX,36.08010101000000,-115.15200040000000
1987,LAS,LAX,36.08010101000000,-115.15200040000000
1987,LAS,LAX,36.08010101000000,-115.15200040000000
1987,LAS,LAX,36.08010101000000,-115.15200040000000
1987,LAS,LAX,36.08010101000000,-115.15200040000000
1987,LAS,LAX,36.08010101000000,-115.15200040000000
1987,LAS,LAX,36.08010101000000,-115.15200040000000
1987,LAS,LAX,36.08010101000000,-115.15200040000000
1987,LAS,LAX,36.08010101000000,-115.15200040000000
1987,LAS,LAX,36.08010101000000,-115.15200040000000
1987,LAS,LAX,36.08010101000000,-115.15200040000000
1987,LAS,LAX,36.08010101000000,-115.15200040000000
1987,LAS,LAX,36.08010101000000,-115.15200040000000
1987,LAS,LAX,36.08010101000000,-115.15200040000000
1987,LAS,LAX,36.08010101000000,-115.15200040000000
1987,LAS,LAX,36.08010101000000,-115.15200040000000
1987,LAS,LAX,36.08010101000000,-115.15200040000000
1987,LAS,LAX,36.08010101000000,-115.15200040000000
1987,LAS,LAX,36.08010101000000,-115.15200040000000
1987,LAS,LAX,36.08010101000000,-115.15200040000000
1987,LAS,LAX,36.08010101000000,-115.15200040000000
1987,LAS,LAX,36.08010101000000,-115.15200040000000
1987,LAS,LAX,36.08010101000000,-115.15200040000000
1987,LAS,LAX,36.08010101000000,-115.15200040000000
1987,LAS,LAX,36.08010101000000,-115.15200040000000
1987,LAS,LAX,36.08010101000000,-115.15200040000000
1987,LAS,SAN,36.08010101000000,-115.15200040000000
1987,LAS,SAN,36.08010101000000,-115.15200040000000
1987,LAS,SAN,36.08010101000000,-115.15200040000000
1987,LAS,SAN,36.08010101000000,-115.15200040000000
1987,LAS,SNA,36.08010101000000,-115.15200040000000
1987,LAS,SNA,36.08010101000000,-115.15200040000000
1987,LAS,SNA,36.08010101000000,-115.15200040000000
1987,LAS,SNA,36.08010101000000,-115.15200040000000
1987,LAS,SNA,36.08010101000000,-115.15200040000000
1987,LAS,SNA,36.08010101000000,-115.15200040000000
1987,LAS,SNA,36.08010101000000,-115.15200040000000
1987,LAS,SNA,36.08010101000000,-115.15200040000000
1987,LAS,SNA,36.08010101000000,-115.15200040000000
1987,LAS,SNA,36.08010101000000,-115.15200040000000
1987,LAS,SNA,36.08010101000000,-115.15200040000000
1987,LAS,SNA,36.08010101000000,-115.15200040000000
1987,LAS,SNA,36.08010101000000,-115.15200040000000
1987,LAS,SNA,36.08010101000000,-115.15200040000000
1987,LAS,SNA,36.08010101000000,-115.15200040000000
1987,LAS,SNA,36.08010101000000,-115.15200040000000
1987,LAS,SNA,36.08010101000000,-115.15200040000000
1987,LAS,SNA,36.08010101000000,-115.15200040000000
1987,LAS,SNA,36.08010101000000,-115.15200040000000
1987,LAS,SNA,36.08010101000000,-115.15200040000000
1987,LAS,SNA,36.08010101000000,-115.15200040000000
1987,LAS,SNA,36.08010101000000,-115.15200040000000
1987,LAS,SNA,36.08010101000000,-115.15200040000000
1987,LAS,SNA,36.08010101000000,-115.15200040000000
1987,LAS,SNA,36.08010101000000,-115.15200040000000
1987,LAS,SNA,36.08010101000000,-115.15200040000000
1987,LAS,SNA,36.08010101000000,-115.15200040000000
1987,LAS,SNA,36.08010101000000,-115.15200040000000
1987,LAS,SNA,36.08010101000000,-115.15200040000000
1987,LAS,SNA,36.08010101000000,-115.15200040000000
1987,LAS,SNA,36.08010101000000,-115.15200040000000
1987,LAS,SNA,36.08010101000000,-115.15200040000000
1987,LAS,SNA,36.08010101000000,-115.15200040000000
1987,LAS,SNA,36.08010101000000,-115.15200040000000
1987,LAX,ABQ,33.94250107000000,-118.40799710000000
1987,LAX,ABQ,33.94250107000000,-118.40799710000000
1987,LAX,ABQ,33.94250107000000,-118.40799710000000
1987,LAX,ABQ,33.94250107000000,-118.40799710000000
1987,LAX,ABQ,33.94250107000000,-118.40799710000000
1987,LAX,ABQ,33.94250107000000,-118.40799710000000
1987,LAX,ABQ,33.94250107000000,-118.40799710000000
1987,LAX,ABQ,33.94250107000000,-118.40799710000000
1987,LAX,ABQ,33.94250107000000,-118.40799710000000
1987,LAX,ABQ,33.94250107000000,-118.40799710000000
1987,LAX,ABQ,33.94250107000000,-118.40799710000000
1987,LAX,ABQ,33.94250107000000,-118.40799710000000
1987,LAX,ABQ,33.94250107000000,-118.40799710000000
1987,LAX,ABQ,33.94250107000000,-118.40799710000000
1987,LAX,ABQ,33.94250107000000,-118.40799710000000
1987,LAX,ABQ,33.94250107000000,-118.40799710000000
1987,LAX,ABQ,33.94250107000000,-118.40799710000000
1987,LAX,ABQ,33.94250107000000,-118.40799710000000
1987,LAX,ABQ,33.94250107000000,-118.40799710000000
1987,LAX,ABQ,33.94250107000000,-118.40799710000000
1987,LAX,ABQ,33.94250107000000,-118.40799710000000
1987,LAX,ABQ,33.94250107000000,-118.40799710000000
1987,LAX,ABQ,33.94250107000000,-118.40799710000000
1987,LAX,ABQ,33.94250107000000,-118.40799710000000
1987,LAX,ABQ,33.94250107000000,-118.40799710000000
1987,LAX,ABQ,33.94250107000000,-118.40799710000000
1987,LAX,ABQ,33.94250107000000,-118.40799710000000
1987,LAX,ABQ,33.94250107000000,-118.40799710000000
1987,LAX,ABQ,33.94250107000000,-118.40799710000000
1987,LAX,ABQ,33.94250107000000,-118.40799710000000
1987,LAX,ABQ,33.94250107000000,-118.40799710000000
1987,LAX,ABQ,33.94250107000000,-118.40799710000000
1987,LAX,ABQ,33.94250107000000,-118.40799710000000
1987,LAX,ABQ,33.94250107000000,-118.40799710000000
1987,LAX,ABQ,33.94250107000000,-118.40799710000000
1987,LAX,ABQ,33.94250107000000,-118.40799710000000
1987,LAX,ABQ,33.94250107000000,-118.40799710000000
1987,LAX,ABQ,33.94250107000000,-118.40799710000000
1987,LAX,ABQ,33.94250107000000,-118.40799710000000
1987,LAX,ABQ,33.94250107000000,-118.40799710000000
1987,LAX,ABQ,33.94250107000000,-118.40799710000000
1987,LAX,ABQ,33.94250107000000,-118.40799710000000
1987,LAX,ABQ,33.94250107000000,-118.40799710000000
1987,LAX,LAS,33.94250107000000,-118.40799710000000
1987,LAX,LAS,33.94250107000000,-118.40799710000000
1987,LAX,LAS,33.94250107000000,-118.40799710000000
1987,LAX,LAS,33.94250107000000,-118.40799710000000
1987,LAX,LAS,33.94250107000000,-118.40799710000000
1987,LAX,LAS,33.94250107000000,-118.40799710000000
1987,LAX,LAS,33.94250107000000,-118.40799710000000
1987,LAX,LAS,33.94250107000000,-118.40799710000000
1987,LAX,LAS,33.94250107000000,-118.40799710000000
1987,LAX,LAS,33.94250107000000,-118.40799710000000
1987,LAX,LAS,33.94250107000000,-118.40799710000000
1987,LAX,LAS,33.94250107000000,-118.40799710000000
1987,LAX,LAS,33.94250107000000,-118.40799710000000
1987,LAX,LAS,33.94250107000000,-118.40799710000000
1987,LAX,LAS,33.94250107000000,-118.40799710000000
1987,LAX,LAS,33.94250107000000,-118.40799710000000
1987,LAX,LAS,33.94250107000000,-118.40799710000000
1987,LAX,LAS,33.94250107000000,-118.40799710000000
1987,LAX,LAS,33.94250107000000,-118.40799710000000
1987,LAX,LAS,33.94250107000000,-118.40799710000000
1987,LAX,LAS,33.94250107000000,-118.40799710000000
1987,LAX,LAS,33.94250107000000,-118.40799710000000
1987,LAX,LAS,33.94250107000000,-118.40799710000000
1987,LAX,LAS,33.94250107000000,-118.40799710000000
1987,LAX,LAS,33.94250107000000,-118.40799710000000
1987,LAX,LAS,33.94250107000000,-118.40799710000000
1987,LAX,LAS,33.94250107000000,-118.40799710000000
1987,LAX,LAS,33.94250107000000,-118.40799710000000
1987,LAX,LAS,33.94250107000000,-118.40799710000000
1987,LAX,LAS,33.94250107000000,-118.40799710000000
1987,LAX,OAK,33.94250107000000,-118.40799710000000
1987,LAX,OAK,33.94250107000000,-118.40799710000000
1987,LAX,OAK,33.94250107000000,-118.40799710000000
1987,LAX,OAK,33.94250107000000,-118.40799710000000
1987,LAX,OAK,33.94250107000000,-118.40799710000000
1987,LAX,OAK,33.94250107000000,-118.40799710000000
1987,LAX,OAK,33.94250107000000,-118.40799710000000
1987,LAX,OAK,33.94250107000000,-118.40799710000000
1987,LAX,OAK,33.94250107000000,-118.40799710000000
1987,LAX,OAK,33.94250107000000,-118.40799710000000
1987,LAX,OAK,33.94250107000000,-118.40799710000000
1987,LAX,OAK,33.94250107000000,-118.40799710000000
1987,LAX,OAK,33.94250107000000,-118.40799710000000
1987,LAX,OAK,33.94250107000000,-118.40799710000000
1987,LAX,OAK,33.94250107000000,-118.40799710000000
1987,LAX,OAK,33.94250107000000,-118.40799710000000
1987,LAX,OAK,33.94250107000000,-118.40799710000000
1987,LAX,OAK,33.94250107000000,-118.40799710000000
1987,LAX,OAK,33.94250107000000,-118.40799710000000
1987,LAX,OAK,33.94250107000000,-118.40799710000000
1987,LAX,OAK,33.94250107000000,-118.40799710000000
1987,LAX,OAK,33.94250107000000,-118.40799710000000
1987,LAX,OAK,33.94250107000000,-118.40799710000000
1987,LAX,OAK,33.94250107000000,-118.40799710000000
1987,LAX,OAK,33.94250107000000,-118.40799710000000
1987,LAX,OAK,33.94250107000000,-118.40799710000000
1987,LAX,OAK,33.94250107000000,-118.40799710000000
1987,LAX,OAK,33.94250107000000,-118.40799710000000
1987,LAX,OAK,33.94250107000000,-118.40799710000000
1987,LAX,OAK,33.94250107000000,-118.40799710000000
1987,LAX,OAK,33.94250107000000,-118.40799710000000
1987,LAX,OAK,33.94250107000000,-118.40799710000000
1987,LAX,OAK,33.94250107000000,-118.40799710000000
1987,LAX,PHX,33.94250107000000,-118.40799710000000
1987,LAX,PHX,33.94250107000000,-118.40799710000000
1987,LAX,PHX,33.94250107000000,-118.40799710000000
1987,LAX,PHX,33.94250107000000,-118.40799710000000
1987,LAX,PHX,33.94250107000000,-118.40799710000000
1987,LAX,RNO,33.94250107000000,-118.40799710000000
1987,LAX,RNO,33.94250107000000,-118.40799710000000
1987,LAX,RNO,33.94250107000000,-118.40799710000000
1987,LAX,RNO,33.94250107000000,-118.40799710000000
1987,LAX,SAN,33.94250107000000,-118.40799710000000
1987,LAX,SAN,33.94250107000000,-118.40799710000000
1987,LAX,SAN,33.94250107000000,-118.40799710000000
1987,LAX,SFO,33.94250107000000,-118.40799710000000
1987,LAX,SFO,33.94250107000000,-118.40799710000000
1987,LAX,SFO,33.94250107000000,-118.40799710000000
1987,LAX,SFO,33.94250107000000,-118.40799710000000
1987,LAX,SFO,33.94250107000000,-118.40799710000000
1987,LAX,SFO,33.94250107000000,-118.40799710000000
1987,LAX,SFO,33.94250107000000,-118.40799710000000
1987,LAX,SFO,33.94250107000000,-118.40799710000000
1987,LAX,SFO,33.94250107000000,-118.40799710000000
1987,LAX,SFO,33.94250107000000,-118.40799710000000
1987,LAX,SFO,33.94250107000000,-118.40799710000000
1987,LAX,SFO,33.94250107000000,-118.40799710000000
1987,LAX,SFO,33.94250107000000,-118.40799710000000
1987,LAX,SFO,33.94250107000000,-118.40799710000000
1987,LAX,SFO,33.94250107000000,-118.40799710000000
1987,LAX,SFO,33.94250107000000,-118.40799710000000
1987,LAX,SFO,33.94250107000000,-118.40799710000000
1987,LAX,SFO,33.94250107000000,-118.40799710000000
1987,LAX,SFO,33.94250107000000,-118.40799710000000
1987,LAX,SFO,33.94250107000000,-118.40799710000000
1987,LAX,SFO,33.94250107000000,-118.40799710000000
1987,LAX,SFO,33.94250107000000,-118.40799710000000
1987,LAX,SFO,33.94250107000000,-118.40799710000000
1987,LAX,SFO,33.94250107000000,-118.40799710000000
1987,LAX,SFO,33.94250107000000,-118.40799710000000
1987,LAX,SFO,33.94250107000000,-118.40799710000000
1987,LAX,SFO,33.94250107000000,-118.40799710000000
1987,LAX,SFO,33.94250107000000,-118.40799710000000
1987,LAX,SFO,33.94250107000000,-118.40799710000000
1987,LAX,SFO,33.94250107000000,-118.40799710000000
1987,LAX,SFO,33.94250107000000,-118.40799710000000
1987,LAX,SFO,33.94250107000000,-118.40799710000000
1987,LAX,SFO,33.94250107000000,-118.40799710000000
1987,LAX,SFO,33.94250107000000,-118.40799710000000
1987,LAX,SFO,33.94250107000000,-118.40799710000000
1987,LAX,SFO,33.94250107000000,-118.40799710000000
1987,LAX,SFO,33.94250107000000,-118.40799710000000
1987,LAX,SFO,33.94250107000000,-118.40799710000000
1987,LAX,SFO,33.94250107000000,-118.40799710000000
1987,LAX,SFO,33.94250107000000,-118.40799710000000
1987,LAX,SFO,33.94250107000000,-118.40799710000000
1987,LAX,SFO,33.94250107000000,-118.40799710000000
1987,LAX,SFO,33.94250107000000,-118.40799710000000
1987,LAX,SFO,33.94250107000000,-118.40799710000000
1987,LAX,SFO,33.94250107000000,-118.40799710000000
1987,LAX,SFO,33.94250107000000,-118.40799710000000
1987,LAX,SFO,33.94250107000000,-118.40799710000000
1987,LAX,SFO,33.94250107000000,-118.40799710000000
1987,LAX,SFO,33.94250107000000,-118.40799710000000
1987,LAX,SFO,33.94250107000000,-118.40799710000000
1987,LAX,SFO,33.94250107000000,-118.40799710000000
1987,LAX,SFO,33.94250107000000,-118.40799710000000
1987,LAX,SFO,33.94250107000000,-118.40799710000000
1987,LAX,SFO,33.94250107000000,-118.40799710000000
1987,LAX,SFO,33.94250107000000,-118.40799710000000
1987,LAX,SFO,33.94250107000000,-118.40799710000000
1987,LAX,SFO,33.94250107000000,-118.40799710000000
1987,LAX,SFO,33.94250107000000,-118.40799710000000
1987,LAX,SFO,33.94250107000000,-118.40799710000000
1987,LAX,SFO,33.94250107000000,-118.40799710000000
1987,LAX,SFO,33.94250107000000,-118.40799710000000
1987,LAX,SFO,33.94250107000000,-118.40799710000000
1987,LAX,SFO,33.94250107000000,-118.40799710000000
1987,LAX,SFO,33.94250107000000,-118.40799710000000
1987,LAX,SFO,33.94250107000000,-118.40799710000000
1987,LAX,SFO,33.94250107000000,-118.40799710000000
1987,LAX,SFO,33.94250107000000,-118.40799710000000
1987,LAX,SFO,33.94250107000000,-118.40799710000000
1987,LAX,SFO,33.94250107000000,-118.40799710000000
1987,LAX,SFO,33.94250107000000,-118.40799710000000
1987,LAX,SFO,33.94250107000000,-118.40799710000000
1987,LAX,SFO,33.94250107000000,-118.40799710000000
1987,LAX,SFO,33.94250107000000,-118.40799710000000
1987,LAX,SFO,33.94250107000000,-118.40799710000000
1987,LAX,SFO,33.94250107000000,-118.40799710000000
1987,LAX,SFO,33.94250107000000,-118.40799710000000
1987,LAX,SFO,33.94250107000000,-118.40799710000000
1987,LAX,SFO,33.94250107000000,-118.40799710000000
1987,LAX,SFO,33.94250107000000,-118.40799710000000
1987,LAX,SFO,33.94250107000000,-118.40799710000000
1987,LAX,SFO,33.94250107000000,-118.40799710000000
1987,LAX,SFO,33.94250107000000,-118.40799710000000
1987,LAX,SFO,33.94250107000000,-118.40799710000000
1987,LAX,SFO,33.94250107000000,-118.40799710000000
1987,LAX,SFO,33.94250107000000,-118.40799710000000
1987,LAX,SFO,33.94250107000000,-118.40799710000000
1987,LAX,SFO,33.94250107000000,-118.40799710000000
1987,LAX,SFO,33.94250107000000,-118.40799710000000
1987,LAX,SFO,33.94250107000000,-118.40799710000000
1987,LAX,SFO,33.94250107000000,-118.40799710000000
1987,LAX,SFO,33.94250107000000,-118.40799710000000
1987,LAX,SFO,33.94250107000000,-118.40799710000000
1987,LAX,SFO,33.94250107000000,-118.40799710000000
1987,LAX,SFO,33.94250107000000,-118.40799710000000
1987,LAX,SFO,33.94250107000000,-118.40799710000000
1987,LAX,SFO,33.94250107000000,-118.40799710000000
1987,LAX,SFO,33.94250107000000,-118.40799710000000
1987,LAX,SFO,33.94250107000000,-118.40799710000000
1987,LAX,SFO,33.94250107000000,-118.40799710000000
1987,LAX,SFO,33.94250107000000,-118.40799710000000
1987,LAX,SFO,33.94250107000000,-118.40799710000000
1987,LAX,SFO,33.94250107000000,-118.40799710000000
1987,LAX,SFO,33.94250107000000,-118.40799710000000
1987,LAX,SFO,33.94250107000000,-118.40799710000000
1987,LAX,SFO,33.94250107000000,-118.40799710000000
1987,LAX,SFO,33.94250107000000,-118.40799710000000
1987,LAX,SFO,33.94250107000000,-118.40799710000000
1987,LAX,SFO,33.94250107000000,-118.40799710000000
1987,LAX,SFO,33.94250107000000,-118.40799710000000
1987,LAX,SFO,33.94250107000000,-118.40799710000000
1987,LAX,SFO,33.94250107000000,-118.40799710000000
1987,LAX,SFO,33.94250107000000,-118.40799710000000
1987,LAX,SFO,33.94250107000000,-118.40799710000000
1987,LAX,SFO,33.94250107000000,-118.40799710000000
1987,LAX,SFO,33.94250107000000,-118.40799710000000
1987,LAX,SFO,33.94250107000000,-118.40799710000000
1987,LAX,SFO,33.94250107000000,-118.40799710000000
1987,LAX,SFO,33.94250107000000,-118.40799710000000
1987,LAX,SFO,33.94250107000000,-118.40799710000000
1987,LAX,SFO,33.94250107000000,-118.40799710000000
1987,LAX,SFO,33.94250107000000,-118.40799710000000
1987,LAX,SFO,33.94250107000000,-118.40799710000000
1987,LAX,SFO,33.94250107000000,-118.40799710000000
1987,LAX,SFO,33.94250107000000,-118.40799710000000
1987,LAX,SFO,33.94250107000000,-118.40799710000000
1987,LAX,SFO,33.94250107000000,-118.40799710000000
1987,LAX,SFO,33.94250107000000,-118.40799710000000
1987,LAX,SFO,33.94250107000000,-118.40799710000000
1987,LAX,SFO,33.94250107000000,-118.40799710000000
1987,LAX,SFO,33.94250107000000,-118.40799710000000
1987,LAX,SFO,33.94250107000000,-118.40799710000000
1987,LAX,SFO,33.94250107000000,-118.40799710000000
1987,LAX,SFO,33.94250107000000,-118.40799710000000
1987,LAX,SFO,33.94250107000000,-118.40799710000000
1987,LAX,SFO,33.94250107000000,-118.40799710000000
1987,LAX,SFO,33.94250107000000,-118.40799710000000
1987,LAX,SFO,33.94250107000000,-118.40799710000000
1987,LAX,SFO,33.94250107000000,-118.40799710000000
1987,LAX,SFO,33.94250107000000,-118.40799710000000
1987,LAX,SFO,33.94250107000000,-118.40799710000000
1987,LAX,SFO,33.94250107000000,-118.40799710000000
1987,LAX,SFO,33.94250107000000,-118.40799710000000
1987,LAX,SFO,33.94250107000000,-118.40799710000000
1987,LAX,SFO,33.94250107000000,-118.40799710000000
1987,LAX,SFO,33.94250107000000,-118.40799710000000
1987,LAX,SFO,33.94250107000000,-118.40799710000000
1987,LAX,SFO,33.94250107000000,-118.40799710000000
1987,LAX,SFO,33.94250107000000,-118.40799710000000
1987,LAX,SFO,33.94250107000000,-118.40799710000000
1987,LAX,SFO,33.94250107000000,-118.40799710000000
1987,LAX,SFO,33.94250107000000,-118.40799710000000
1987,LAX,SFO,33.94250107000000,-118.40799710000000
1987,LAX,SFO,33.94250107000000,-118.40799710000000
1987,LAX,SFO,33.94250107000000,-118.40799710000000
1987,LAX,SFO,33.94250107000000,-118.40799710000000
1987,LAX,SFO,33.94250107000000,-118.40799710000000
1987,LAX,SFO,33.94250107000000,-118.40799710000000
1987,LAX,SFO,33.94250107000000,-118.40799710000000
1987,LAX,SFO,33.94250107000000,-118.40799710000000
1987,LAX,SFO,33.94250107000000,-118.40799710000000
1987,LAX,SFO,33.94250107000000,-118.40799710000000
1987,LAX,SFO,33.94250107000000,-118.40799710000000
1987,LAX,SFO,33.94250107000000,-118.40799710000000
1987,LAX,SFO,33.94250107000000,-118.40799710000000
1987,LAX,SFO,33.94250107000000,-118.40799710000000
1987,LAX,SFO,33.94250107000000,-118.40799710000000
1987,LAX,SFO,33.94250107000000,-118.40799710000000
1987,LAX,SFO,33.94250107000000,-118.40799710000000
1987,LAX,SFO,33.94250107000000,-118.40799710000000
1987,LAX,SFO,33.94250107000000,-118.40799710000000
1987,LAX,SFO,33.94250107000000,-118.40799710000000
1987,LAX,SFO,33.94250107000000,-118.40799710000000
1987,LAX,SFO,33.94250107000000,-118.40799710000000
1987,LAX,SFO,33.94250107000000,-118.40799710000000
1987,LAX,SFO,33.94250107000000,-118.40799710000000
1987,LAX,SFO,33.94250107000000,-118.40799710000000
1987,LAX,SFO,33.94250107000000,-118.40799710000000
1987,LAX,SFO,33.94250107000000,-118.40799710000000
1987,LAX,SFO,33.94250107000000,-118.40799710000000
1987,LAX,SFO,33.94250107000000,-118.40799710000000
1987,LAX,SFO,33.94250107000000,-118.40799710000000
1987,LAX,SFO,33.94250107000000,-118.40799710000000
1987,LAX,SFO,33.94250107000000,-118.40799710000000
1987,LAX,SFO,33.94250107000000,-118.40799710000000
1987,LAX,SFO,33.94250107000000,-118.40799710000000
1987,LAX,SFO,33.94250107000000,-118.40799710000000
1987,LAX,SFO,33.94250107000000,-118.40799710000000
1987,LAX,SFO,33.94250107000000,-118.40799710000000
1987,LAX,SFO,33.94250107000000,-118.40799710000000
1987,LAX,SFO,33.94250107000000,-118.40799710000000
1987,LAX,SFO,33.94250107000000,-118.40799710000000
1987,LAX,SFO,33.94250107000000,-118.40799710000000
1987,LAX,SFO,33.94250107000000,-118.40799710000000
1987,LAX,SFO,33.94250107000000,-118.40799710000000
1987,LAX,SFO,33.94250107000000,-118.40799710000000
1987,LAX,SFO,33.94250107000000,-118.40799710000000
1987,LAX,SFO,33.94250107000000,-118.40799710000000
1987,LAX,SFO,33.94250107000000,-118.40799710000000
1987,LAX,SFO,33.94250107000000,-118.40799710000000
1987,LAX,SFO,33.94250107000000,-118.40799710000000
1987,LAX,SFO,33.94250107000000,-118.40799710000000
1987,LAX,SFO,33.94250107000000,-118.40799710000000
1987,LAX,SFO,33.94250107000000,-118.40799710000000
1987,LAX,SFO,33.94250107000000,-118.40799710000000
1987,LAX,SFO,33.94250107000000,-118.40799710000000
1987,LAX,SFO,33.94250107000000,-118.40799710000000
1987,LAX,SFO,33.94250107000000,-118.40799710000000
1987,LAX,SFO,33.94250107000000,-118.40799710000000
1987,LAX,SFO,33.94250107000000,-118.40799710000000
1987,LAX,SFO,33.94250107000000,-118.40799710000000
1987,LAX,SJC,33.94250107000000,-118.40799710000000
1987,LAX,SJC,33.94250107000000,-118.40799710000000
1987,LAX,SJC,33.94250107000000,-118.40799710000000
1987,LAX,SJC,33.94250107000000,-118.40799710000000
1987,LAX,SJC,33.94250107000000,-118.40799710000000
1987,LAX,SJC,33.94250107000000,-118.40799710000000
1987,LAX,SJC,33.94250107000000,-118.40799710000000
1987,LAX,SJC,33.94250107000000,-118.40799710000000
1987,LAX,SJC,33.94250107000000,-118.40799710000000
1987,LAX,SJC,33.94250107000000,-118.40799710000000
1987,LAX,SJC,33.94250107000000,-118.40799710000000
1987,LAX,SJC,33.94250107000000,-118.40799710000000
1987,LAX,SJC,33.94250107000000,-118.40799710000000
1987,LAX,SJC,33.94250107000000,-118.40799710000000
1987,LAX,SJC,33.94250107000000,-118.40799710000000
1987,LAX,SJC,33.94250107000000,-118.40799710000000
1987,LAX,SJC,33.94250107000000,-118.40799710000000
1987,LAX,SJC,33.94250107000000,-118.40799710000000
1987,LAX,SJC,33.94250107000000,-118.40799710000000
1987,MFR,SFO,42.37419891357422,-122.87300109863281
1987,MFR,SFO,42.37419891357422,-122.87300109863281
1987,MFR,SFO,42.37419891357422,-122.87300109863281
1987,MFR,SFO,42.37419891357422,-122.87300109863281
1987,MFR,SFO,42.37419891357422,-122.87300109863281
1987,MFR,SFO,42.37419891357422,-122.87300109863281
1987,MFR,SFO,42.37419891357422,-122.87300109863281
1987,MFR,SFO,42.37419891357422,-122.87300109863281
1987,MFR,SFO,42.37419891357422,-122.87300109863281
1987,MFR,SFO,42.37419891357422,-122.87300109863281
1987,MFR,SFO,42.37419891357422,-122.87300109863281
1987,MFR,SFO,42.37419891357422,-122.87300109863281
1987,MFR,SFO,42.37419891357422,-122.87300109863281
1987,MFR,SFO,42.37419891357422,-122.87300109863281
1987,MFR,SFO,42.37419891357422,-122.87300109863281
1987,MFR,SFO,42.37419891357422,-122.87300109863281
1987,MFR,SFO,42.37419891357422,-122.87300109863281
1987,MFR,SFO,42.37419891357422,-122.87300109863281
1987,MFR,SFO,42.37419891357422,-122.87300109863281
1987,MFR,SFO,42.37419891357422,-122.87300109863281
1987,MRY,LAX,36.58700180053711,-121.84300231933594
1987,MRY,LAX,36.58700180053711,-121.84300231933594
1987,MRY,LAX,36.58700180053711,-121.84300231933594
1987,MRY,LAX,36.58700180053711,-121.84300231933594
1987,MRY,LAX,36.58700180053711,-121.84300231933594
1987,MRY,LAX,36.58700180053711,-121.84300231933594
1987,MRY,LAX,36.58700180053711,-121.84300231933594
1987,MRY,LAX,36.58700180053711,-121.84300231933594
1987,MRY,LAX,36.58700180053711,-121.84300231933594
1987,MRY,LAX,36.58700180053711,-121.84300231933594
1987,MRY,LAX,36.58700180053711,-121.84300231933594
1987,MRY,LAX,36.58700180053711,-121.84300231933594
1987,MRY,LAX,36.58700180053711,-121.84300231933594
1987,MRY,LAX,36.58700180053711,-121.84300231933594
1987,MRY,LAX,36.58700180053711,-121.84300231933594
1987,MRY,LAX,36.58700180053711,-121.84300231933594
1987,MRY,LAX,36.58700180053711,-121.84300231933594
1987,MRY,LAX,36.58700180053711,-121.84300231933594
1987,MRY,LAX,36.58700180053711,-121.84300231933594
1987,MRY,LAX,36.58700180053711,-121.84300231933594
1987,MRY,LAX,36.58700180053711,-121.84300231933594
1987,MRY,LAX,36.58700180053711,-121.84300231933594
1987,MRY,LAX,36.58700180053711,-121.84300231933594
1987,MRY,LAX,36.58700180053711,-121.84300231933594
1987,MRY,LAX,36.58700180053711,-121.84300231933594
1987,MRY,LAX,36.58700180053711,-121.84300231933594
1987,MRY,LAX,36.58700180053711,-121.84300231933594
1987,OAK,BUR,37.72129821777344,-122.22100067138672
1987,OAK,BUR,37.72129821777344,-122.22100067138672
1987,OAK,BUR,37.72129821777344,-122.22100067138672
1987,OAK,BUR,37.72129821777344,-122.22100067138672
1987,OAK,BUR,37.72129821777344,-122.22100067138672
1987,OAK,BUR,37.72129821777344,-122.22100067138672
1987,OAK,BUR,37.72129821777344,-122.22100067138672
1987,OAK,BUR,37.72129821777344,-122.22100067138672
1987,OAK,BUR,37.72129821777344,-122.22100067138672
1987,OAK,BUR,37.72129821777344,-122.22100067138672
1987,OAK,BUR,37.72129821777344,-122.22100067138672
1987,OAK,BUR,37.72129821777344,-122.22100067138672
1987,OAK,BUR,37.72129821777344,-122.22100067138672
1987,OAK,BUR,37.72129821777344,-122.22100067138672
1987,OAK,BUR,37.72129821777344,-122.22100067138672
1987,OAK,BUR,37.72129821777344,-122.22100067138672
1987,OAK,BUR,37.72129821777344,-122.22100067138672
1987,OAK,BUR,37.72129821777344,-122.22100067138672
1987,OAK,BUR,37.72129821777344,-122.22100067138672
1987,OAK,BUR,37.72129821777344,-122.22100067138672
1987,OAK,BUR,37.72129821777344,-122.22100067138672
1987,OAK,BUR,37.72129821777344,-122.22100067138672
1987,OAK,BUR,37.72129821777344,-122.22100067138672
1987,OAK,BUR,37.72129821777344,-122.22100067138672
1987,OAK,BUR,37.72129821777344,-122.22100067138672
1987,OAK,BUR,37.72129821777344,-122.22100067138672
1987,OAK,BUR,37.72129821777344,-122.22100067138672
1987,OAK,BUR,37.72129821777344,-122.22100067138672
1987,OAK,BUR,37.72129821777344,-122.22100067138672
1987,OAK,BUR,37.72129821777344,-122.22100067138672
1987,OAK,BUR,37.72129821777344,-122.22100067138672
1987,OAK,BUR,37.72129821777344,-122.22100067138672
1987,OAK,BUR,37.72129821777344,-122.22100067138672
1987,OAK,BUR,37.72129821777344,-122.22100067138672
1987,OAK,BUR,37.72129821777344,-122.22100067138672
1987,OAK,BUR,37.72129821777344,-122.22100067138672
1987,OAK,BUR,37.72129821777344,-122.22100067138672
1987,OAK,BUR,37.72129821777344,-122.22100067138672
1987,OAK,BUR,37.72129821777344,-122.22100067138672
1987,OAK,BUR,37.72129821777344,-122.22100067138672
1987,OAK,BUR,37.72129821777344,-122.22100067138672
1987,OAK,BUR,37.72129821777344,-122.22100067138672
1987,OAK,BUR,37.72129821777344,-122.22100067138672
1987,OAK,BUR,37.72129821777344,-122.22100067138672
1987,OAK,BUR,37.72129821777344,-122.22100067138672
1987,OAK,BUR,37.72129821777344,-122.22100067138672
1987,OAK,BUR,37.72129821777344,-122.22100067138672
1987,OAK,BUR,37.72129821777344,-122.22100067138672
1987,OAK,BUR,37.72129821777344,-122.22100067138672
1987,OAK,BUR,37.72129821777344,-122.22100067138672
1987,OAK,BUR,37.72129821777344,-122.22100067138672
1987,OAK,BUR,37.72129821777344,-122.22100067138672
1987,OAK,BUR,37.72129821777344,-122.22100067138672
1987,OAK,SAN,37.72129821777344,-122.22100067138672
1987,OAK,SAN,37.72129821777344,-122.22100067138672
1987,OAK,SAN,37.72129821777344,-122.22100067138672
1987,OAK,SAN,37.72129821777344,-122.22100067138672
1987,OAK,SAN,37.72129821777344,-122.22100067138672
1987,OAK,SAN,37.72129821777344,-122.22100067138672
1987,OAK,SAN,37.72129821777344,-122.22100067138672
1987,OAK,SAN,37.72129821777344,-122.22100067138672
1987,OAK,SAN,37.72129821777344,-122.22100067138672
1987,OAK,SAN,37.72129821777344,-122.22100067138672
1987,OAK,SAN,37.72129821777344,-122.22100067138672
1987,OAK,SAN,37.72129821777344,-122.22100067138672
1987,OAK,SAN,37.72129821777344,-122.22100067138672
1987,OAK,SAN,37.72129821777344,-122.22100067138672
1987,OAK,SAN,37.72129821777344,-122.22100067138672
1987,OAK,SAN,37.72129821777344,-122.22100067138672
1987,OAK,SAN,37.72129821777344,-122.22100067138672
1987,OAK,SAN,37.72129821777344,-122.22100067138672
1987,OAK,SAN,37.72129821777344,-122.22100067138672
1987,OAK,SAN,37.72129821777344,-122.22100067138672
1987,OAK,SAN,37.72129821777344,-122.22100067138672
1987,OAK,SAN,37.72129821777344,-122.22100067138672
1987,OAK,SAN,37.72129821777344,-122.22100067138672
1987,OAK,SAN,37.72129821777344,-122.22100067138672
1987,OAK,SAN,37.72129821777344,-122.22100067138672
1987,OAK,SAN,37.72129821777344,-122.22100067138672
1987,OAK,SAN,37.72129821777344,-122.22100067138672
1987,OAK,SAN,37.72129821777344,-122.22100067138672
1987,OAK,SAN,37.72129821777344,-122.22100067138672
1987,OAK,SAN,37.72129821777344,-122.22100067138672
1987,OAK,SAN,37.72129821777344,-122.22100067138672
1987,OAK,SAN,37.72129821777344,-122.22100067138672
1987,OAK,SAN,37.72129821777344,-122.22100067138672
1987,OAK,SAN,37.72129821777344,-122.22100067138672
1987,OAK,SAN,37.72129821777344,-122.22100067138672
1987,OAK,SAN,37.72129821777344,-122.22100067138672
1987,OAK,SAN,37.72129821777344,-122.22100067138672
1987,OAK,SAN,37.72129821777344,-122.22100067138672
1987,OAK,SAN,37.72129821777344,-122.22100067138672
1987,OAK,SAN,37.72129821777344,-122.22100067138672
1987,OAK,SAN,37.72129821777344,-122.22100067138672
1987,OAK,SAN,37.72129821777344,-122.22100067138672
1987,OAK,SAN,37.72129821777344,-122.22100067138672
1987,OAK,SAN,37.72129821777344,-122.22100067138672
1987,OAK,SAN,37.72129821777344,-122.22100067138672
1987,OAK,SAN,37.72129821777344,-122.22100067138672
1987,OAK,SAN,37.72129821777344,-122.22100067138672
1987,OAK,SAN,37.72129821777344,-122.22100067138672
1987,OAK,SAN,37.72129821777344,-122.22100067138672
1987,OAK,SAN,37.72129821777344,-122.22100067138672
1987,OAK,SAN,37.72129821777344,-122.22100067138672
1987,OAK,SAN,37.72129821777344,-122.22100067138672
1987,OAK,SAN,37.72129821777344,-122.22100067138672
1987,OAK,SAN,37.72129821777344,-122.22100067138672
1987,OAK,SAN,37.72129821777344,-122.22100067138672
1987,OAK,SAN,37.72129821777344,-122.22100067138672
1987,OAK,SAN,37.72129821777344,-122.22100067138672
1987,OAK,SAN,37.72129821777344,-122.22100067138672
1987,OAK,SAN,37.72129821777344,-122.22100067138672
1987,OAK,SAN,37.72129821777344,-122.22100067138672
1987,OAK,SAN,37.72129821777344,-122.22100067138672
1987,OAK,SAN,37.72129821777344,-122.22100067138672
1987,OAK,SAN,37.72129821777344,-122.22100067138672
1987,OAK,SAN,37.72129821777344,-122.22100067138672
1987,OAK,SAN,37.72129821777344,-122.22100067138672
1987,OAK,SAN,37.72129821777344,-122.22100067138672
1987,OAK,SAN,37.72129821777344,-122.22100067138672
1987,OAK,SAN,37.72129821777344,-122.22100067138672
1987,OAK,SAN,37.72129821777344,-122.22100067138672
1987,OAK,SAN,37.72129821777344,-122.22100067138672
1987,OAK,SAN,37.72129821777344,-122.22100067138672
1987,OAK,SAN,37.72129821777344,-122.22100067138672
1987,OAK,SAN,37.72129821777344,-122.22100067138672
1987,OAK,SAN,37.72129821777344,-122.22100067138672
1987,OAK,SAN,37.72129821777344,-122.22100067138672
1987,OAK,SAN,37.72129821777344,-122.22100067138672
1987,OAK,SAN,37.72129821777344,-122.22100067138672
1987,OAK,SAN,37.72129821777344,-122.22100067138672
1987,OAK,SAN,37.72129821777344,-122.22100067138672
1987,OAK,SAN,37.72129821777344,-122.22100067138672
1987,OAK,SAN,37.72129821777344,-122.22100067138672
1987,OAK,SAN,37.72129821777344,-122.22100067138672
1987,OAK,SAN,37.72129821777344,-122.22100067138672
1987,OAK,SAN,37.72129821777344,-122.22100067138672
1987,OAK,SAN,37.72129821777344,-122.22100067138672
1987,OAK,SAN,37.72129821777344,-122.22100067138672
1987,OAK,SAN,37.72129821777344,-122.22100067138672
1987,OAK,SAN,37.72129821777344,-122.22100067138672
1987,OAK,SAN,37.72129821777344,-122.22100067138672
1987,OAK,SAN,37.72129821777344,-122.22100067138672
1987,OAK,SAN,37.72129821777344,-122.22100067138672
1987,OAK,SAN,37.72129821777344,-122.22100067138672
1987,OAK,SAN,37.72129821777344,-122.22100067138672
1987,OAK,SAN,37.72129821777344,-122.22100067138672
1987,OAK,SAN,37.72129821777344,-122.22100067138672
1987,OAK,SAN,37.72129821777344,-122.22100067138672
1987,OAK,SAN,37.72129821777344,-122.22100067138672
1987,OAK,SAN,37.72129821777344,-122.22100067138672
1987,OAK,SAN,37.72129821777344,-122.22100067138672
1987,OAK,SAN,37.72129821777344,-122.22100067138672
1987,OAK,SAN,37.72129821777344,-122.22100067138672
1987,OAK,SAN,37.72129821777344,-122.22100067138672
1987,OAK,SAN,37.72129821777344,-122.22100067138672
1987,OAK,SAN,37.72129821777344,-122.22100067138672
1987,OAK,SAN,37.72129821777344,-122.22100067138672
1987,OAK,SAN,37.72129821777344,-122.22100067138672
1987,OAK,SAN,37.72129821777344,-122.22100067138672
1987,OAK,SAN,37.72129821777344,-122.22100067138672
1987,OAK,SAN,37.72129821777344,-122.22100067138672
1987,OAK,SAN,37.72129821777344,-122.22100067138672
1987,OAK,SAN,37.72129821777344,-122.22100067138672
1987,OAK,SAN,37.72129821777344,-122.22100067138672
1987,OAK,SAN,37.72129821777344,-122.22100067138672
1987,OAK,SAN,37.72129821777344,-122.22100067138672
1987,OAK,SAN,37.72129821777344,-122.22100067138672
1987,OAK,SAN,37.72129821777344,-122.22100067138672
1987,OAK,SAN,37.72129821777344,-122.22100067138672
1987,OAK,SFO,37.72129821777344,-122.22100067138672
1987,OAK,SFO,37.72129821777344,-122.22100067138672
1987,OAK,SFO,37.72129821777344,-122.22100067138672
1987,OAK,SFO,37.72129821777344,-122.22100067138672
1987,OAK,SFO,37.72129821777344,-122.22100067138672
1987,OAK,SFO,37.72129821777344,-122.22100067138672
1987,OAK,SFO,37.72129821777344,-122.22100067138672
1987,OAK,SFO,37.72129821777344,-122.22100067138672
1987,OAK,SFO,37.72129821777344,-122.22100067138672
1987,OAK,SFO,37.72129821777344,-122.22100067138672
1987,OAK,SFO,37.72129821777344,-122.22100067138672
1987,OAK,SFO,37.72129821777344,-122.22100067138672
1987,OAK,SFO,37.72129821777344,-122.22100067138672
1987,OAK,SFO,37.72129821777344,-122.22100067138672
1987,OAK,SFO,37.72129821777344,-122.22100067138672
1987,OAK,SFO,37.72129821777344,-122.22100067138672
1987,OAK,SFO,37.72129821777344,-122.22100067138672
1987,OAK,SFO,37.72129821777344,-122.22100067138672
1987,OAK,SFO,37.72129821777344,-122.22100067138672
1987,OAK,SFO,37.72129821777344,-122.22100067138672
1987,OAK,SFO,37.72129821777344,-122.22100067138672
1987,OAK,SFO,37.72129821777344,-122.22100067138672
1987,OAK,SFO,37.72129821777344,-122.22100067138672
1987,OAK,SNA,37.72129821777344,-122.22100067138672
1987,OAK,SNA,37.72129821777344,-122.22100067138672
1987,OAK,SNA,37.72129821777344,-122.22100067138672
1987,OAK,SNA,37.72129821777344,-122.22100067138672
1987,OAK,SNA,37.72129821777344,-122.22100067138672
1987,OAK,SNA,37.72129821777344,-122.22100067138672
1987,OAK,SNA,37.72129821777344,-122.22100067138672
1987,OAK,SNA,37.72129821777344,-122.22100067138672
1987,OAK,SNA,37.72129821777344,-122.22100067138672
1987,OAK,SNA,37.72129821777344,-122.22100067138672
1987,OAK,SNA,37.72129821777344,-122.22100067138672
1987,OAK,SNA,37.72129821777344,-122.22100067138672
1987,OAK,SNA,37.72129821777344,-122.22100067138672
1987,OAK,SNA,37.72129821777344,-122.22100067138672
1987,OAK,SNA,37.72129821777344,-122.22100067138672
1987,OAK,SNA,37.72129821777344,-122.22100067138672
1987,OAK,SNA,37.72129821777344,-122.22100067138672
1987,OAK,SNA,37.72129821777344,-122.22100067138672
1987,OAK,SNA,37.72129821777344,-122.22100067138672
1987,OAK,SNA,37.72129821777344,-122.22100067138672
1987,OAK,SNA,37.72129821777344,-122.22100067138672
1987,OAK,SNA,37.72129821777344,-122.22100067138672
1987,OAK,SNA,37.72129821777344,-122.22100067138672
1987,OAK,SNA,37.72129821777344,-122.22100067138672
1987,OAK,SNA,37.72129821777344,-122.22100067138672
1987,OAK,SNA,37.72129821777344,-122.22100067138672
1987,OAK,SNA,37.72129821777344,-122.22100067138672
1987,OAK,SNA,37.72129821777344,-122.22100067138672
1987,OAK,SNA,37.72129821777344,-122.22100067138672
1987,OAK,SNA,37.72129821777344,-122.22100067138672
1987,OAK,SNA,37.72129821777344,-122.22100067138672
1987,OAK,SNA,37.72129821777344,-122.22100067138672
1987,OAK,SNA,37.72129821777344,-122.22100067138672
1987,OAK,SNA,37.72129821777344,-122.22100067138672
1987,OAK,SNA,37.72129821777344,-122.22100067138672
1987,OAK,SNA,37.72129821777344,-122.22100067138672
1987,OAK,SNA,37.72129821777344,-122.22100067138672
1987,OAK,SNA,37.72129821777344,-122.22100067138672
1987,OAK,SNA,37.72129821777344,-122.22100067138672
1987,OAK,SNA,37.72129821777344,-122.22100067138672
